DEMO  file for  the Import of Meteo ASCII files of custom format ;;
Locaion :  La Rochelle (France);;
Importation of POA/GPI:  Plane tilt = 30°, Azimut = 0°;;
;;
Values of July - August 2004;;
;;
;;
Date / Hour;POA;Tamb
;W/m²;deg.C
01.07.2004 00:00;0;23
01.07.2004 01:00;0;23.5
01.07.2004 02:00;0;24.6
01.07.2004 03:00;0;24.2
01.07.2004 04:00;1.9;23.8
01.07.2004 05:00;20.5;23.7
01.07.2004 06:00;32;23.4
01.07.2004 07:00;79.2;23.6
01.07.2004 08:00;156;23.9
01.07.2004 09:00;300;24.3
01.07.2004 10:00;771.7;26.2
01.07.2004 11:00;445.4;25.8
01.07.2004 12:00;492.7;25.6
01.07.2004 13:00;430.3;25.9
01.07.2004 14:00;402.8;26.2
01.07.2004 15:00;416.3;24.7
01.07.2004 16:00;401.1;24.6
01.07.2004 17:00;248.9;24.3
01.07.2004 18:00;108.9;23.8
01.07.2004 19:00;36.9;23
01.07.2004 20:00;4.7;22.8
01.07.2004 21:00;0;22.6
01.07.2004 22:00;0;22
01.07.2004 23:00;0;21.4
02.07.2004 00:00;0;20.5
02.07.2004 01:00;0;19.4
02.07.2004 02:00;0;18.7
02.07.2004 03:00;0;18.5
02.07.2004 04:00;0;18.6
02.07.2004 05:00;7.5;19.1
02.07.2004 06:00;71.7;19.5
02.07.2004 07:00;163.8;20.3
02.07.2004 08:00;373.6;20.7
02.07.2004 09:00;709.2;22.3
02.07.2004 10:00;925.6;23.3
02.07.2004 11:00;705.7;22.6
02.07.2004 12:00;995.4;23.6
02.07.2004 13:00;687.2;23.2
02.07.2004 14:00;626.3;24.3
02.07.2004 15:00;682.7;25
02.07.2004 16:00;458.6;25.3
02.07.2004 17:00;246.1;25.1
02.07.2004 18:00;82.2;23.8
02.07.2004 19:00;45.1;22.3
02.07.2004 20:00;13.2;21.6
02.07.2004 21:00;0;21.4
02.07.2004 22:00;0;20.3
02.07.2004 23:00;0;19.4
03.07.2004 00:00;0;19.4
03.07.2004 01:00;0;19
03.07.2004 02:00;0;18.4
03.07.2004 03:00;0;18.6
03.07.2004 04:00;1.9;18.8
03.07.2004 05:00;38.8;19
03.07.2004 06:00;102.5;19.8
03.07.2004 07:00;300.9;20.5
03.07.2004 08:00;505.4;21.4
03.07.2004 09:00;723.1;23.1
03.07.2004 10:00;781.9;23.4
03.07.2004 11:00;960.3;22.4
03.07.2004 12:00;993.8;23.1
03.07.2004 13:00;970.6;23.9
03.07.2004 14:00;883.2;23.9
03.07.2004 15:00;756.9;24.7
03.07.2004 16:00;455.2;24.6
03.07.2004 17:00;340.3;24.8
03.07.2004 18:00;144;24
03.07.2004 19:00;47.3;23.5
03.07.2004 20:00;3.8;22.6
03.07.2004 21:00;0;21.6
03.07.2004 22:00;0;20.7
03.07.2004 23:00;0;19.8
04.07.2004 00:00;0;18.7
04.07.2004 01:00;0;17.4
04.07.2004 02:00;0;16.8
04.07.2004 03:00;0;15.7
04.07.2004 04:00;1.9;15.1
04.07.2004 05:00;38.4;14.8
04.07.2004 06:00;110.2;15.5
04.07.2004 07:00;283.4;18.1
04.07.2004 08:00;486.8;19.9
04.07.2004 09:00;670.5;23.4
04.07.2004 10:00;820;25.1
04.07.2004 11:00;924.5;26.2
04.07.2004 12:00;973.9;27.2
04.07.2004 13:00;946.2;28.4
04.07.2004 14:00;863.8;29.4
04.07.2004 15:00;727;30.2
04.07.2004 16:00;539.6;30.9
04.07.2004 17:00;335.5;31.3
04.07.2004 18:00;145.2;31.4
04.07.2004 19:00;49.4;30.8
04.07.2004 20:00;6.6;28.7
04.07.2004 21:00;0;27
04.07.2004 22:00;0;25.3
04.07.2004 23:00;0;25.6
05.07.2004 00:00;0;25.8
05.07.2004 01:00;0;25.2
05.07.2004 02:00;0;24.7
05.07.2004 03:00;0;24
05.07.2004 04:00;0;23.4
05.07.2004 05:00;8.5;23.3
05.07.2004 06:00;23.6;23
05.07.2004 07:00;160.3;22.8
05.07.2004 08:00;181.5;22.9
05.07.2004 09:00;99.4;22.8
05.07.2004 10:00;130.8;22.3
05.07.2004 11:00;319.5;22.2
05.07.2004 12:00;852.2;23.9
05.07.2004 13:00;657.7;25.8
05.07.2004 14:00;612.1;26.2
05.07.2004 15:00;479.8;27.6
05.07.2004 16:00;313.2;27.4
05.07.2004 17:00;270.5;27.8
05.07.2004 18:00;71.2;25.5
05.07.2004 19:00;42.7;23.5
05.07.2004 20:00;4.7;23.2
05.07.2004 21:00;0;23
05.07.2004 22:00;0;20.6
05.07.2004 23:00;0;19.6
06.07.2004 00:00;0;19.2
06.07.2004 01:00;0;19.3
06.07.2004 02:00;0;19.9
06.07.2004 03:00;0;20.1
06.07.2004 04:00;0;19.7
06.07.2004 05:00;5.7;19.6
06.07.2004 06:00;55.2;19.5
06.07.2004 07:00;109.3;19.2
06.07.2004 08:00;144.7;19.3
06.07.2004 09:00;253.6;19.7
06.07.2004 10:00;404.5;19.9
06.07.2004 11:00;530.6;20.7
06.07.2004 12:00;570.5;21.4
06.07.2004 13:00;517.7;21.2
06.07.2004 14:00;616.1;21.6
06.07.2004 15:00;276.8;21.5
06.07.2004 16:00;137.2;21.3
06.07.2004 17:00;142.2;21.4
06.07.2004 18:00;138.3;21.4
06.07.2004 19:00;14.1;20.9
06.07.2004 20:00;0.9;20.7
06.07.2004 21:00;0;20.5
06.07.2004 22:00;0;19.4
06.07.2004 23:00;0;19.4
07.07.2004 00:00;0;18.9
07.07.2004 01:00;0;18.8
07.07.2004 02:00;0;18.7
07.07.2004 03:00;0;18.8
07.07.2004 04:00;0;19.2
07.07.2004 05:00;3.8;19.1
07.07.2004 06:00;19.8;19.2
07.07.2004 07:00;46.3;19
07.07.2004 08:00;125.8;19
07.07.2004 09:00;130.7;19.5
07.07.2004 10:00;202.1;19.7
07.07.2004 11:00;147.9;20.4
07.07.2004 12:00;279.6;20.5
07.07.2004 13:00;895.9;21.1
07.07.2004 14:00;811.3;22.5
07.07.2004 15:00;648.9;22.7
07.07.2004 16:00;504.7;24.3
07.07.2004 17:00;283;25.6
07.07.2004 18:00;144.8;25
07.07.2004 19:00;50.3;24.5
07.07.2004 20:00;3.8;24
07.07.2004 21:00;0;23.3
07.07.2004 22:00;0;22.6
07.07.2004 23:00;0;21.6
08.07.2004 00:00;0;21.2
08.07.2004 01:00;0;20.9
08.07.2004 02:00;0;20.5
08.07.2004 03:00;0;20
08.07.2004 04:00;0;19.3
08.07.2004 05:00;35;19.6
08.07.2004 06:00;112.5;20.8
08.07.2004 07:00;255.6;22.2
08.07.2004 08:00;468.6;23.6
08.07.2004 09:00;573.3;25.1
08.07.2004 10:00;478.3;26.1
08.07.2004 11:00;247.9;25.6
08.07.2004 12:00;133.7;23.4
08.07.2004 13:00;78.6;21.2
08.07.2004 14:00;210.7;20.5
08.07.2004 15:00;156.4;20.8
08.07.2004 16:00;229.1;21.3
08.07.2004 17:00;79.3;21.4
08.07.2004 18:00;40.5;21.2
08.07.2004 19:00;12.2;20
08.07.2004 20:00;1.9;18.9
08.07.2004 21:00;0;17.4
08.07.2004 22:00;0;17.1
08.07.2004 23:00;0;17
09.07.2004 00:00;0;17.7
09.07.2004 01:00;0;17.5
09.07.2004 02:00;0;17.2
09.07.2004 03:00;0;16.9
09.07.2004 04:00;0;16.5
09.07.2004 05:00;12.2;16.6
09.07.2004 06:00;57;16.9
09.07.2004 07:00;73.6;16.9
09.07.2004 08:00;322;17.5
09.07.2004 09:00;618.3;19.2
09.07.2004 10:00;867.6;19.7
09.07.2004 11:00;915;20.5
09.07.2004 12:00;914.4;21.3
09.07.2004 13:00;817.2;21.6
09.07.2004 14:00;865.1;22.3
09.07.2004 15:00;680.4;22.2
09.07.2004 16:00;431.3;22.5
09.07.2004 17:00;292.7;21.9
09.07.2004 18:00;140.6;22.4
09.07.2004 19:00;50.6;20.7
09.07.2004 20:00;6.6;20.3
09.07.2004 21:00;0;20.4
09.07.2004 22:00;0;19.9
09.07.2004 23:00;0;19.2
10.07.2004 00:00;0;18.2
10.07.2004 01:00;0;17.1
10.07.2004 02:00;0;16.3
10.07.2004 03:00;0;15.8
10.07.2004 04:00;0;15.3
10.07.2004 05:00;22.2;15.2
10.07.2004 06:00;91.1;15.9
10.07.2004 07:00;135.2;16.6
10.07.2004 08:00;374.8;17.7
10.07.2004 09:00;686.4;19.7
10.07.2004 10:00;882.9;21.2
10.07.2004 11:00;676.7;20.7
10.07.2004 12:00;973.9;21.4
10.07.2004 13:00;886.9;21.4
10.07.2004 14:00;701.8;21.9
10.07.2004 15:00;718.5;22
10.07.2004 16:00;517.5;21.7
10.07.2004 17:00;327.9;22
10.07.2004 18:00;143.7;21.9
10.07.2004 19:00;51;21.2
10.07.2004 20:00;8.5;20
10.07.2004 21:00;0;19.3
10.07.2004 22:00;0;18.2
10.07.2004 23:00;0;18.1
11.07.2004 00:00;0;17.7
11.07.2004 01:00;0;17
11.07.2004 02:00;0;16.5
11.07.2004 03:00;0;16.2
11.07.2004 04:00;0;16.5
11.07.2004 05:00;5.6;16.1
11.07.2004 06:00;70.6;16.1
11.07.2004 07:00;220.5;18
11.07.2004 08:00;389.6;18.8
11.07.2004 09:00;703.1;20.1
11.07.2004 10:00;768.6;21.2
11.07.2004 11:00;465.3;21.5
11.07.2004 12:00;468.9;21.8
11.07.2004 13:00;360.6;21.8
11.07.2004 14:00;507;21.9
11.07.2004 15:00;281.9;21.8
11.07.2004 16:00;115.5;19.2
11.07.2004 17:00;111.3;20.2
11.07.2004 18:00;111.7;21
11.07.2004 19:00;16.9;19.5
11.07.2004 20:00;0;17.2
11.07.2004 21:00;0;18
11.07.2004 22:00;0;17.2
11.07.2004 23:00;0;16.6
12.07.2004 00:00;0;16.7
12.07.2004 01:00;0;17
12.07.2004 02:00;0;16.6
12.07.2004 03:00;0;16.3
12.07.2004 04:00;0;15.8
12.07.2004 05:00;32.3;15.6
12.07.2004 06:00;44;16.2
12.07.2004 07:00;68.9;16.2
12.07.2004 08:00;221.1;16.6
12.07.2004 09:00;422;18.6
12.07.2004 10:00;737.8;20.6
12.07.2004 11:00;443.6;20
12.07.2004 12:00;590.7;20.8
12.07.2004 13:00;496.4;21.2
12.07.2004 14:00;481.3;20.4
12.07.2004 15:00;218.2;19.3
12.07.2004 16:00;287.3;21.2
12.07.2004 17:00;62.4;18.1
12.07.2004 18:00;59.1;16.4
12.07.2004 19:00;31.5;17.2
12.07.2004 20:00;4.7;17.1
12.07.2004 21:00;0;16.2
12.07.2004 22:00;0;16
12.07.2004 23:00;0;16.4
13.07.2004 00:00;0;16.4
13.07.2004 01:00;0;15.6
13.07.2004 02:00;0;15.2
13.07.2004 03:00;0;15.6
13.07.2004 04:00;0;14.6
13.07.2004 05:00;5.6;14.9
13.07.2004 06:00;45;15.4
13.07.2004 07:00;191.1;15.4
13.07.2004 08:00;396.6;18.2
13.07.2004 09:00;499.9;19.9
13.07.2004 10:00;508.2;19.6
13.07.2004 11:00;250.9;18.7
13.07.2004 12:00;1060.8;19.5
13.07.2004 13:00;316.8;19.6
13.07.2004 14:00;285.7;19.2
13.07.2004 15:00;630.7;19.6
13.07.2004 16:00;303.8;18.9
13.07.2004 17:00;247.2;17.6
13.07.2004 18:00;142.7;18.4
13.07.2004 19:00;48.4;18.2
13.07.2004 20:00;8.5;17.5
13.07.2004 21:00;0;16.8
13.07.2004 22:00;0;16.4
13.07.2004 23:00;0;16.2
14.07.2004 00:00;0;15.3
14.07.2004 01:00;0;14.6
14.07.2004 02:00;0;13.8
14.07.2004 03:00;0;13.4
14.07.2004 04:00;0;12.9
14.07.2004 05:00;23;12.6
14.07.2004 06:00;105.5;13.6
14.07.2004 07:00;270.1;14.8
14.07.2004 08:00;470.2;15.8
14.07.2004 09:00;668.1;17.4
14.07.2004 10:00;819.4;18.9
14.07.2004 11:00;937.4;19.7
14.07.2004 12:00;976.7;20.8
14.07.2004 13:00;958.4;21.8
14.07.2004 14:00;878.1;22.9
14.07.2004 15:00;581.7;24.3
14.07.2004 16:00;354.1;24.2
14.07.2004 17:00;245;24.2
14.07.2004 18:00;141.1;24.2
14.07.2004 19:00;42.5;23.3
14.07.2004 20:00;6.6;21.9
14.07.2004 21:00;0;20.9
14.07.2004 22:00;0;20.2
14.07.2004 23:00;0;19.4
15.07.2004 00:00;0;18.3
15.07.2004 01:00;0;17.4
15.07.2004 02:00;0;16.7
15.07.2004 03:00;0;16.2
15.07.2004 04:00;0;15.8
15.07.2004 05:00;29.8;15.4
15.07.2004 06:00;103.8;15.5
15.07.2004 07:00;253.3;17.3
15.07.2004 08:00;452.5;18.9
15.07.2004 09:00;628;22.4
15.07.2004 10:00;786;24.1
15.07.2004 11:00;902.2;24.3
15.07.2004 12:00;952;24.8
15.07.2004 13:00;937.5;25.6
15.07.2004 14:00;853.1;26.3
15.07.2004 15:00;715.7;26.9
15.07.2004 16:00;529;27.1
15.07.2004 17:00;323.7;27.3
15.07.2004 18:00;142.1;27.3
15.07.2004 19:00;47.1;27
15.07.2004 20:00;2.8;25.7
15.07.2004 21:00;0;24.4
15.07.2004 22:00;0;23.4
15.07.2004 23:00;0;22.4
16.07.2004 00:00;0;21.4
16.07.2004 01:00;0;20.9
16.07.2004 02:00;0;20.6
16.07.2004 03:00;0;19.7
16.07.2004 04:00;0;19.2
16.07.2004 05:00;28.4;18.9
16.07.2004 06:00;103.7;19.8
16.07.2004 07:00;258.6;20.8
16.07.2004 08:00;457.9;21.7
16.07.2004 09:00;642.2;23.8
16.07.2004 10:00;799;24.8
16.07.2004 11:00;906;25.4
16.07.2004 12:00;954.7;26.1
16.07.2004 13:00;944.9;26.9
16.07.2004 14:00;877.6;28.1
16.07.2004 15:00;755.3;28.7
16.07.2004 16:00;163.8;28.4
16.07.2004 17:00;98.2;27.5
16.07.2004 18:00;46.1;26.7
16.07.2004 19:00;45.7;27.3
16.07.2004 20:00;1.9;26.7
16.07.2004 21:00;0;22.8
16.07.2004 22:00;0;21.5
16.07.2004 23:00;0;20.1
17.07.2004 00:00;0;20.1
17.07.2004 01:00;0;20.1
17.07.2004 02:00;0;19.7
17.07.2004 03:00;0;19.3
17.07.2004 04:00;0;19
17.07.2004 05:00;21.1;18.9
17.07.2004 06:00;98.2;18.8
17.07.2004 07:00;233.8;19.6
17.07.2004 08:00;439.2;21.5
17.07.2004 09:00;619.2;23.6
17.07.2004 10:00;768.6;25.2
17.07.2004 11:00;883.4;26.6
17.07.2004 12:00;927.1;27.8
17.07.2004 13:00;823.7;29.1
17.07.2004 14:00;903;30.4
17.07.2004 15:00;362.8;29.8
17.07.2004 16:00;203.7;28.7
17.07.2004 17:00;173.4;27.9
17.07.2004 18:00;127.2;27.5
17.07.2004 19:00;27.8;27
17.07.2004 20:00;2.8;26.4
17.07.2004 21:00;0;25.3
17.07.2004 22:00;0;24.5
17.07.2004 23:00;0;22.3
18.07.2004 00:00;0;21.6
18.07.2004 01:00;0;20.9
18.07.2004 02:00;0;20.1
18.07.2004 03:00;0;19.4
18.07.2004 04:00;0;18.9
18.07.2004 05:00;26.9;18.3
18.07.2004 06:00;102.4;19.3
18.07.2004 07:00;228.3;20.3
18.07.2004 08:00;304;21.5
18.07.2004 09:00;518.8;24.1
18.07.2004 10:00;694;26.5
18.07.2004 11:00;772.6;27.8
18.07.2004 12:00;713;28.7
18.07.2004 13:00;326.9;28
18.07.2004 14:00;273.2;27
18.07.2004 15:00;301;27.1
18.07.2004 16:00;109.8;26.6
18.07.2004 17:00;52.9;25.6
18.07.2004 18:00;63.8;25.2
18.07.2004 19:00;12.2;24.8
18.07.2004 20:00;0;23.2
18.07.2004 21:00;0;21.9
18.07.2004 22:00;0;20.8
18.07.2004 23:00;0;20.4
19.07.2004 00:00;0;20.6
19.07.2004 01:00;0;19.7
19.07.2004 02:00;0;19.6
19.07.2004 03:00;0;19.6
19.07.2004 04:00;0;19.5
19.07.2004 05:00;8.4;18.9
19.07.2004 06:00;96.8;19.4
19.07.2004 07:00;250.7;20.3
19.07.2004 08:00;433.3;21.6
19.07.2004 09:00;539.9;22.6
19.07.2004 10:00;786.8;24.3
19.07.2004 11:00;849.6;24.7
19.07.2004 12:00;935.2;25.3
19.07.2004 13:00;850.5;26.1
19.07.2004 14:00;851;27
19.07.2004 15:00;694.5;27.4
19.07.2004 16:00;513.7;27.1
19.07.2004 17:00;314.7;27.5
19.07.2004 18:00;136.9;27.6
19.07.2004 19:00;17.8;27
19.07.2004 20:00;0.9;26.2
19.07.2004 21:00;0;25.6
19.07.2004 22:00;0;25.1
19.07.2004 23:00;0;24.2
20.07.2004 00:00;0;23.3
20.07.2004 01:00;0;22.7
20.07.2004 02:00;0;22.5
20.07.2004 03:00;0;21.8
20.07.2004 04:00;0;21.7
20.07.2004 05:00;5.6;21.3
20.07.2004 06:00;44.9;21.1
20.07.2004 07:00;106.5;20.9
20.07.2004 08:00;65.3;21.5
20.07.2004 09:00;180.2;21.1
20.07.2004 10:00;422.3;23
20.07.2004 11:00;635.8;24.3
20.07.2004 12:00;836.1;25.8
20.07.2004 13:00;825.4;27.9
20.07.2004 14:00;602.6;28.8
20.07.2004 15:00;524.8;28.3
20.07.2004 16:00;326.5;26.6
20.07.2004 17:00;166.2;25.8
20.07.2004 18:00;73;25.8
20.07.2004 19:00;3.8;25.3
20.07.2004 20:00;0.9;23.1
20.07.2004 21:00;0;21.9
20.07.2004 22:00;0;20
20.07.2004 23:00;0;19.4
21.07.2004 00:00;0;19.7
21.07.2004 01:00;0;19
21.07.2004 02:00;0;19.1
21.07.2004 03:00;0;19.1
21.07.2004 04:00;0;18.6
21.07.2004 05:00;16.6;18.9
21.07.2004 06:00;91.8;19.3
21.07.2004 07:00;225.5;19.9
21.07.2004 08:00;402.8;20.9
21.07.2004 09:00;605.2;23.6
21.07.2004 10:00;748;25.3
21.07.2004 11:00;812.4;25.9
21.07.2004 12:00;855.6;26.5
21.07.2004 13:00;704;27.4
21.07.2004 14:00;823.4;28.3
21.07.2004 15:00;608.6;28.6
21.07.2004 16:00;413.8;27.4
21.07.2004 17:00;263.9;27.5
21.07.2004 18:00;117.2;28.2
21.07.2004 19:00;25.1;27
21.07.2004 20:00;0.9;25.7
21.07.2004 21:00;0;25.4
21.07.2004 22:00;0;24.7
21.07.2004 23:00;0;24.3
22.07.2004 00:00;0;24.1
22.07.2004 01:00;0;23.7
22.07.2004 02:00;0;23.4
22.07.2004 03:00;0;22.7
22.07.2004 04:00;0;22.8
22.07.2004 05:00;12.1;22.4
22.07.2004 06:00;49.5;22.7
22.07.2004 07:00;126.9;23.3
22.07.2004 08:00;229.1;23.4
22.07.2004 09:00;533.8;24.8
22.07.2004 10:00;751.9;26.3
22.07.2004 11:00;839.4;26.9
22.07.2004 12:00;915.6;27.3
22.07.2004 13:00;890.5;28.2
22.07.2004 14:00;809.4;29.2
22.07.2004 15:00;669.3;30.3
22.07.2004 16:00;489.9;31
22.07.2004 17:00;301.2;30.8
22.07.2004 18:00;99.2;30.4
22.07.2004 19:00;20.5;29.5
22.07.2004 20:00;0;28.7
22.07.2004 21:00;0;28
22.07.2004 22:00;0;27.6
22.07.2004 23:00;0;26.8
23.07.2004 00:00;0;25.6
23.07.2004 01:00;0;24.7
23.07.2004 02:00;0;24.4
23.07.2004 03:00;0;23.8
23.07.2004 04:00;0;22.2
23.07.2004 05:00;9.3;22
23.07.2004 06:00;93.2;22
23.07.2004 07:00;235.6;22.2
23.07.2004 08:00;426.3;23.7
23.07.2004 09:00;233.8;25.7
23.07.2004 10:00;14.2;25.1
23.07.2004 11:00;69.2;23.3
23.07.2004 12:00;593.7;24.5
23.07.2004 13:00;591.1;26.3
23.07.2004 14:00;482.3;27
23.07.2004 15:00;379;27.7
23.07.2004 16:00;417.3;28.3
23.07.2004 17:00;219.4;28.2
23.07.2004 18:00;123.7;26.8
23.07.2004 19:00;28.6;26
23.07.2004 20:00;0.9;25
23.07.2004 21:00;0;24
23.07.2004 22:00;0;24.2
23.07.2004 23:00;0;24.2
24.07.2004 00:00;0;23.2
24.07.2004 01:00;0;22.8
24.07.2004 02:00;0;22.3
24.07.2004 03:00;0;22.3
24.07.2004 04:00;0;21.3
24.07.2004 05:00;6.6;20.5
24.07.2004 06:00;31;20.4
24.07.2004 07:00;18;20.4
24.07.2004 08:00;98.4;19.2
24.07.2004 09:00;268;20.2
24.07.2004 10:00;657.2;21.1
24.07.2004 11:00;900.2;23
24.07.2004 12:00;931.9;23.8
24.07.2004 13:00;650.4;24.4
24.07.2004 14:00;435;24.5
24.07.2004 15:00;434.1;24.7
24.07.2004 16:00;126.9;24.9
24.07.2004 17:00;115.2;24
24.07.2004 18:00;132.9;23.7
24.07.2004 19:00;26.8;23.5
24.07.2004 20:00;5.7;22.6
24.07.2004 21:00;0;22.3
24.07.2004 22:00;0;22
24.07.2004 23:00;0;21.5
25.07.2004 00:00;0;21.1
25.07.2004 01:00;0;20.5
25.07.2004 02:00;0;20.3
25.07.2004 03:00;0;19.6
25.07.2004 04:00;0;19.7
25.07.2004 05:00;17.5;19.2
25.07.2004 06:00;91.5;19.6
25.07.2004 07:00;233.8;20.6
25.07.2004 08:00;425.3;21.1
25.07.2004 09:00;624.5;22.1
25.07.2004 10:00;798.2;22.7
25.07.2004 11:00;914.4;23.4
25.07.2004 12:00;950;24.8
25.07.2004 13:00;926;25.4
25.07.2004 14:00;852.3;26
25.07.2004 15:00;507.1;26.4
25.07.2004 16:00;376.7;26.5
25.07.2004 17:00;255.6;26.6
25.07.2004 18:00;133.9;26.4
25.07.2004 19:00;38.6;24.9
25.07.2004 20:00;5.7;23.4
25.07.2004 21:00;0;22.5
25.07.2004 22:00;0;22.1
25.07.2004 23:00;0;21.2
26.07.2004 00:00;0;20.7
26.07.2004 01:00;0;20.4
26.07.2004 02:00;0;19
26.07.2004 03:00;0;17.5
26.07.2004 04:00;0;17.1
26.07.2004 05:00;11.9;16.2
26.07.2004 06:00;92.5;17.4
26.07.2004 07:00;226.4;19
26.07.2004 08:00;318.6;21.4
26.07.2004 09:00;576.7;23.6
26.07.2004 10:00;701.6;24.6
26.07.2004 11:00;809.3;24.4
26.07.2004 12:00;536.8;25.2
26.07.2004 13:00;409.5;25.7
26.07.2004 14:00;282.3;26.1
26.07.2004 15:00;411.7;25
26.07.2004 16:00;165.8;23.8
26.07.2004 17:00;80.3;23
26.07.2004 18:00;97.9;22.6
26.07.2004 19:00;35.9;22
26.07.2004 20:00;1.9;21
26.07.2004 21:00;0;20.1
26.07.2004 22:00;0;19.8
26.07.2004 23:00;0;19.4
27.07.2004 00:00;0;19
27.07.2004 01:00;0;18.4
27.07.2004 02:00;0;18.2
27.07.2004 03:00;0;18.1
27.07.2004 04:00;0;17.7
27.07.2004 05:00;16.3;17.5
27.07.2004 06:00;90.4;18
27.07.2004 07:00;251.9;18.1
27.07.2004 08:00;460.7;18.8
27.07.2004 09:00;667.5;19.5
27.07.2004 10:00;835.4;20.4
27.07.2004 11:00;950;21.5
27.07.2004 12:00;998.1;22.5
27.07.2004 13:00;977.5;23.4
27.07.2004 14:00;889.6;24.4
27.07.2004 15:00;738.7;24.7
27.07.2004 16:00;542.9;24.9
27.07.2004 17:00;326.2;25
27.07.2004 18:00;131.7;24.6
27.07.2004 19:00;36.6;23.7
27.07.2004 20:00;2.8;22.8
27.07.2004 21:00;0;21.8
27.07.2004 22:00;0;21.1
27.07.2004 23:00;0;20.7
28.07.2004 00:00;0;20.5
28.07.2004 01:00;0;20.3
28.07.2004 02:00;0;19.2
28.07.2004 03:00;0;18.2
28.07.2004 04:00;0;17.6
28.07.2004 05:00;14.7;17.2
28.07.2004 06:00;90.3;17.6
28.07.2004 07:00;246.1;18.6
28.07.2004 08:00;450.3;19.1
28.07.2004 09:00;650.1;21
28.07.2004 10:00;808.9;21.9
28.07.2004 11:00;923.2;22.4
28.07.2004 12:00;971.2;23
28.07.2004 13:00;949.5;24.7
28.07.2004 14:00;878.8;25.6
28.07.2004 15:00;731.7;26.2
28.07.2004 16:00;545.6;26.4
28.07.2004 17:00;323.2;27
28.07.2004 18:00;130.5;27.3
28.07.2004 19:00;35.3;26.7
28.07.2004 20:00;0.9;25
28.07.2004 21:00;0;23.9
28.07.2004 22:00;0;23.1
28.07.2004 23:00;0;22
29.07.2004 00:00;0;21.2
29.07.2004 01:00;0;20.7
29.07.2004 02:00;0;19.9
29.07.2004 03:00;0;19.2
29.07.2004 04:00;0;18.7
29.07.2004 05:00;13.6;18.1
29.07.2004 06:00;89.2;18.5
29.07.2004 07:00;236.5;19.8
29.07.2004 08:00;432.8;20.6
29.07.2004 09:00;626.7;23.1
29.07.2004 10:00;790.4;23.6
29.07.2004 11:00;894.5;24.9
29.07.2004 12:00;936.1;26.1
29.07.2004 13:00;917.1;27
29.07.2004 14:00;842.5;27.9
29.07.2004 15:00;695.4;27.9
29.07.2004 16:00;510.7;27.9
29.07.2004 17:00;298.7;28.4
29.07.2004 18:00;126.4;28.4
29.07.2004 19:00;33.7;27.7
29.07.2004 20:00;0;26.9
29.07.2004 21:00;0;26.4
29.07.2004 22:00;0;25.6
29.07.2004 23:00;0;24.4
30.07.2004 00:00;0;23.5
30.07.2004 01:00;0;23.1
30.07.2004 02:00;0;22.3
30.07.2004 03:00;0;21.8
30.07.2004 04:00;0;20.9
30.07.2004 05:00;18.9;20.6
30.07.2004 06:00;86.8;21.1
30.07.2004 07:00;201.7;22.2
30.07.2004 08:00;380.1;23.7
30.07.2004 09:00;549.7;26.2
30.07.2004 10:00;726.4;27.4
30.07.2004 11:00;858.6;27.7
30.07.2004 12:00;907.7;28.2
30.07.2004 13:00;890.1;29.2
30.07.2004 14:00;777.1;29.9
30.07.2004 15:00;661.8;30
30.07.2004 16:00;405.5;30.3
30.07.2004 17:00;300.1;30.7
30.07.2004 18:00;125.6;30.7
30.07.2004 19:00;32.3;30
30.07.2004 20:00;0;28.2
30.07.2004 21:00;0;26.7
30.07.2004 22:00;0;26.2
30.07.2004 23:00;0;25
31.07.2004 00:00;0;24
31.07.2004 01:00;0;23.2
31.07.2004 02:00;0;22.3
31.07.2004 03:00;0;21.8
31.07.2004 04:00;0;21.2
31.07.2004 05:00;15.1;20.5
31.07.2004 06:00;85.2;21.3
31.07.2004 07:00;222.8;22
31.07.2004 08:00;360.9;23.9
31.07.2004 09:00;581;26.5
31.07.2004 10:00;697.6;27
31.07.2004 11:00;892.8;27.4
31.07.2004 12:00;926.7;27.7
31.07.2004 13:00;914.1;28.7
31.07.2004 14:00;842;29.8
31.07.2004 15:00;411.1;30
31.07.2004 16:00;486.1;30.1
31.07.2004 17:00;295.3;31
31.07.2004 18:00;120.5;31.4
31.07.2004 19:00;32;30.2
31.07.2004 20:00;1.9;28.6
31.07.2004 21:00;0;27.5
31.07.2004 22:00;0;26.2
31.07.2004 23:00;0;25.5
01.08.2004 00:00;0;24.2
01.08.2004 01:00;0;23.5
01.08.2004 02:00;0;23.1
01.08.2004 03:00;0;22.5
01.08.2004 04:00;0;21.8
01.08.2004 05:00;17;21.3
01.08.2004 06:00;84.3;21.4
01.08.2004 07:00;227.5;22.4
01.08.2004 08:00;414.5;23.8
01.08.2004 09:00;610.1;26.7
01.08.2004 10:00;774.7;28.4
01.08.2004 11:00;887.5;28.4
01.08.2004 12:00;931.7;29.4
01.08.2004 13:00;898.6;30.5
01.08.2004 14:00;816.9;31.2
01.08.2004 15:00;672.9;31.5
01.08.2004 16:00;497.3;32.4
01.08.2004 17:00;262.8;32.2
01.08.2004 18:00;118.7;31.6
01.08.2004 19:00;30.1;30.7
01.08.2004 20:00;0;29.5
01.08.2004 21:00;0;28.4
01.08.2004 22:00;0;27.4
01.08.2004 23:00;0;26.5
02.08.2004 00:00;0;25.4
02.08.2004 01:00;0;24.3
02.08.2004 02:00;0;23.7
02.08.2004 03:00;0;23
02.08.2004 04:00;0;22.5
02.08.2004 05:00;14.2;21.8
02.08.2004 06:00;83.3;22.4
02.08.2004 07:00;221.8;23.4
02.08.2004 08:00;404.6;25.4
02.08.2004 09:00;578.5;27.3
02.08.2004 10:00;769.4;28.4
02.08.2004 11:00;880.9;29.1
02.08.2004 12:00;932.8;29.9
02.08.2004 13:00;920.2;30.8
02.08.2004 14:00;825.5;31.4
02.08.2004 15:00;706.2;31.9
02.08.2004 16:00;444.5;31.8
02.08.2004 17:00;283.8;31.9
02.08.2004 18:00;79;32
02.08.2004 19:00;19.4;31.2
02.08.2004 20:00;0;30.2
02.08.2004 21:00;0;29
02.08.2004 22:00;0;27.8
02.08.2004 23:00;0;26.8
03.08.2004 00:00;0;25.5
03.08.2004 01:00;0;24.9
03.08.2004 02:00;0;23.9
03.08.2004 03:00;0;23.4
03.08.2004 04:00;0;22.7
03.08.2004 05:00;16.1;22.1
03.08.2004 06:00;81.5;21.9
03.08.2004 07:00;217.9;23.7
03.08.2004 08:00;409;26.1
03.08.2004 09:00;491.9;28.2
03.08.2004 10:00;617.1;29.4
03.08.2004 11:00;619.2;28.5
03.08.2004 12:00;346.3;28.2
03.08.2004 13:00;400.7;28.5
03.08.2004 14:00;701.7;29
03.08.2004 15:00;415.3;29.4
03.08.2004 16:00;184.1;30.1
03.08.2004 17:00;44.5;28.8
03.08.2004 18:00;27.3;27.2
03.08.2004 19:00;7.5;26.6
03.08.2004 20:00;0;25.2
03.08.2004 21:00;0;23.5
03.08.2004 22:00;0;22.4
03.08.2004 23:00;0;21
04.08.2004 00:00;0;21.6
04.08.2004 01:00;0;21
04.08.2004 02:00;0;21.3
04.08.2004 03:00;0;21.7
04.08.2004 04:00;0;20.8
04.08.2004 05:00;12.3;21.3
04.08.2004 06:00;70.9;20.6
04.08.2004 07:00;116.7;21.2
04.08.2004 08:00;154.5;21.8
04.08.2004 09:00;510.2;22.8
04.08.2004 10:00;649.1;24.2
04.08.2004 11:00;571.9;24.5
04.08.2004 12:00;963.5;25.4
04.08.2004 13:00;936.7;26.4
04.08.2004 14:00;804.9;27.1
04.08.2004 15:00;473;27.9
04.08.2004 16:00;194.7;28.7
04.08.2004 17:00;140.6;27.7
04.08.2004 18:00;71;27.9
04.08.2004 19:00;4.7;25.8
04.08.2004 20:00;0;21.8
04.08.2004 21:00;0;20.9
04.08.2004 22:00;0;20
04.08.2004 23:00;0;20.5
05.08.2004 00:00;0;20.5
05.08.2004 01:00;0;20.5
05.08.2004 02:00;0;20.3
05.08.2004 03:00;0;20.1
05.08.2004 04:00;0;19.4
05.08.2004 05:00;8.5;19.5
05.08.2004 06:00;57.2;19.6
05.08.2004 07:00;163.6;19.9
05.08.2004 08:00;260.2;20.6
05.08.2004 09:00;631.5;23.2
05.08.2004 10:00;718.3;24.7
05.08.2004 11:00;818.4;25.2
05.08.2004 12:00;704.6;26.7
05.08.2004 13:00;936.9;28
05.08.2004 14:00;859.2;28.9
05.08.2004 15:00;345.9;28.8
05.08.2004 16:00;43.6;26.2
05.08.2004 17:00;18;23.2
05.08.2004 18:00;2.8;22.4
05.08.2004 19:00;0;21.2
05.08.2004 20:00;0;21.5
05.08.2004 21:00;0;21.3
05.08.2004 22:00;0;20.9
05.08.2004 23:00;0;20.4
06.08.2004 00:00;0;20.5
06.08.2004 01:00;0;20.3
06.08.2004 02:00;0;19.4
06.08.2004 03:00;0;19.1
06.08.2004 04:00;0;19.3
06.08.2004 05:00;7.6;19.7
06.08.2004 06:00;42;20.3
06.08.2004 07:00;195.5;20.3
06.08.2004 08:00;403.7;21.1
06.08.2004 09:00;642.2;23.7
06.08.2004 10:00;742.9;25.8
06.08.2004 11:00;490.6;25.5
06.08.2004 12:00;563.2;26.7
06.08.2004 13:00;928.1;27.2
06.08.2004 14:00;846.9;27.3
06.08.2004 15:00;710.7;28.1
06.08.2004 16:00;535.8;29
06.08.2004 17:00;315.2;28.1
06.08.2004 18:00;96.2;27.1
06.08.2004 19:00;9.3;26.4
06.08.2004 20:00;0;25.5
06.08.2004 21:00;0;25.4
06.08.2004 22:00;0;24.6
06.08.2004 23:00;0;23.6
07.08.2004 00:00;0;22.7
07.08.2004 01:00;0;22.4
07.08.2004 02:00;0;22
07.08.2004 03:00;0;21.4
07.08.2004 04:00;0;20.8
07.08.2004 05:00;2.8;20.7
07.08.2004 06:00;43.8;21.2
07.08.2004 07:00;188.7;21.9
07.08.2004 08:00;402;23.8
07.08.2004 09:00;598.3;26.4
07.08.2004 10:00;641.4;27.1
07.08.2004 11:00;735.2;27.6
07.08.2004 12:00;950;28.8
07.08.2004 13:00;941.1;29.5
07.08.2004 14:00;848.3;30.3
07.08.2004 15:00;707.1;31
07.08.2004 16:00;510.3;31.1
07.08.2004 17:00;298.6;30.8
07.08.2004 18:00;114.3;30.7
07.08.2004 19:00;21.6;30.4
07.08.2004 20:00;0;28.7
07.08.2004 21:00;0;27.5
07.08.2004 22:00;0;26.2
07.08.2004 23:00;0;25.2
08.08.2004 00:00;0;24.9
08.08.2004 01:00;0;24.3
08.08.2004 02:00;0;23
08.08.2004 03:00;0;23.2
08.08.2004 04:00;0;22.6
08.08.2004 05:00;2.8;21.9
08.08.2004 06:00;73.3;21.7
08.08.2004 07:00;221.4;22.6
08.08.2004 08:00;391.7;24.1
08.08.2004 09:00;601.7;26.2
08.08.2004 10:00;691.9;27.3
08.08.2004 11:00;866.3;28.1
08.08.2004 12:00;911.9;28.9
08.08.2004 13:00;901;30
08.08.2004 14:00;834.5;31.9
08.08.2004 15:00;609.3;32.4
08.08.2004 16:00;437.5;32.5
08.08.2004 17:00;152.7;32.2
08.08.2004 18:00;81.7;31.6
08.08.2004 19:00;11.1;29.8
08.08.2004 20:00;0;28.4
08.08.2004 21:00;0;25.8
08.08.2004 22:00;0;24.3
08.08.2004 23:00;0;23.8
09.08.2004 00:00;0;24.3
09.08.2004 01:00;0;23.5
09.08.2004 02:00;0;23.4
09.08.2004 03:00;0;23.1
09.08.2004 04:00;0;22.3
09.08.2004 05:00;3.8;22.9
09.08.2004 06:00;16;22.5
09.08.2004 07:00;45.4;22.6
09.08.2004 08:00;47.3;23.3
09.08.2004 09:00;132.9;23.2
09.08.2004 10:00;607.5;24.2
09.08.2004 11:00;708.7;24.6
09.08.2004 12:00;230.3;24.2
09.08.2004 13:00;348.7;24.5
09.08.2004 14:00;659.7;25.4
09.08.2004 15:00;667.6;26.2
09.08.2004 16:00;486.1;26.6
09.08.2004 17:00;276.6;26.6
09.08.2004 18:00;104.2;26.8
09.08.2004 19:00;7.5;26.4
09.08.2004 20:00;0;25.9
09.08.2004 21:00;0;25.7
09.08.2004 22:00;0;25.1
09.08.2004 23:00;0;24.5
10.08.2004 00:00;0;24.1
10.08.2004 01:00;0;23.8
10.08.2004 02:00;0;23.5
10.08.2004 03:00;0;23
10.08.2004 04:00;0;22.7
10.08.2004 05:00;2.8;22.3
10.08.2004 06:00;61.8;21.9
10.08.2004 07:00;186;23.5
10.08.2004 08:00;285.7;25.2
10.08.2004 09:00;380.1;27.6
10.08.2004 10:00;317.6;28.2
10.08.2004 11:00;535.7;29
10.08.2004 12:00;403.4;29.8
10.08.2004 13:00;496.3;30
10.08.2004 14:00;578.4;30.1
10.08.2004 15:00;615;30.4
10.08.2004 16:00;196.1;29.1
10.08.2004 17:00;125.7;28.5
10.08.2004 18:00;24.5;27.8
10.08.2004 19:00;0;24.9
10.08.2004 20:00;0;23.4
10.08.2004 21:00;0;22.3
10.08.2004 22:00;0;22.1
10.08.2004 23:00;0;21.3
11.08.2004 00:00;0;21.2
11.08.2004 01:00;0;20.8
11.08.2004 02:00;0;21.1
11.08.2004 03:00;0;20.8
11.08.2004 04:00;0;21
11.08.2004 05:00;3.8;21.2
11.08.2004 06:00;46.4;21.7
11.08.2004 07:00;111.2;21.5
11.08.2004 08:00;228.8;22.1
11.08.2004 09:00;362.4;23.2
11.08.2004 10:00;645.6;25.2
11.08.2004 11:00;572.6;26.1
11.08.2004 12:00;627.3;26.7
11.08.2004 13:00;798.2;27.4
11.08.2004 14:00;669.6;28.1
11.08.2004 15:00;725;28.8
11.08.2004 16:00;477.5;28.8
11.08.2004 17:00;273;29
11.08.2004 18:00;106.6;28.5
11.08.2004 19:00;3.5;27.5
11.08.2004 20:00;0;26.9
11.08.2004 21:00;0;26.3
11.08.2004 22:00;0;25.5
11.08.2004 23:00;0;24.4
12.08.2004 00:00;0;23.3
12.08.2004 01:00;0;23.3
12.08.2004 02:00;0;22.7
12.08.2004 03:00;0;22.1
12.08.2004 04:00;0;21.8
12.08.2004 05:00;6.6;21.2
12.08.2004 06:00;68.4;21.2
12.08.2004 07:00;209.1;22.4
12.08.2004 08:00;403.6;24.1
12.08.2004 09:00;593.6;26.3
12.08.2004 10:00;761.2;27.9
12.08.2004 11:00;760.9;28.7
12.08.2004 12:00;879.7;29.1
12.08.2004 13:00;916.7;29.8
12.08.2004 14:00;273.6;29.3
12.08.2004 15:00;69.2;24.1
12.08.2004 16:00;32.2;21.3
12.08.2004 17:00;70.9;21
12.08.2004 18:00;71.2;22.2
12.08.2004 19:00;21.8;21
12.08.2004 20:00;0;20
12.08.2004 21:00;0;19.7
12.08.2004 22:00;0;19.9
12.08.2004 23:00;0;19.5
13.08.2004 00:00;0;19.5
13.08.2004 01:00;0;19.6
13.08.2004 02:00;0;19.9
13.08.2004 03:00;0;19.9
13.08.2004 04:00;0;18.5
13.08.2004 05:00;5.7;18.6
13.08.2004 06:00;60.2;19.4
13.08.2004 07:00;131.5;20.2
13.08.2004 08:00;241.5;21
13.08.2004 09:00;253.3;21.2
13.08.2004 10:00;664;22.6
13.08.2004 11:00;742;22.9
13.08.2004 12:00;489.7;23.5
13.08.2004 13:00;850.2;23.8
13.08.2004 14:00;618.2;24.5
13.08.2004 15:00;724.6;23.9
13.08.2004 16:00;186.5;24.6
13.08.2004 17:00;242.5;23.4
13.08.2004 18:00;91.3;23.6
13.08.2004 19:00;10.4;23.1
13.08.2004 20:00;0;22.4
13.08.2004 21:00;0;21.8
13.08.2004 22:00;0;21.4
13.08.2004 23:00;0;20.1
14.08.2004 00:00;0;19.3
14.08.2004 01:00;0;19.1
14.08.2004 02:00;0;19.4
14.08.2004 03:00;0;19.5
14.08.2004 04:00;0;19.2
14.08.2004 05:00;3.8;19.1
14.08.2004 06:00;57.3;19.4
14.08.2004 07:00;226.5;20.2
14.08.2004 08:00;414.2;21.6
14.08.2004 09:00;633.2;23.2
14.08.2004 10:00;841.4;24.3
14.08.2004 11:00;955;23.8
14.08.2004 12:00;1002.3;24.2
14.08.2004 13:00;429;25
14.08.2004 14:00;221.9;24.7
14.08.2004 15:00;262.1;24.7
14.08.2004 16:00;278.3;24.1
14.08.2004 17:00;233.1;23.5
14.08.2004 18:00;107.1;23.3
14.08.2004 19:00;23.7;22.6
14.08.2004 20:00;0;21.3
14.08.2004 21:00;0;21
14.08.2004 22:00;0;19.9
14.08.2004 23:00;0;19
15.08.2004 00:00;0;18.3
15.08.2004 01:00;0;18.1
15.08.2004 02:00;0;17.6
15.08.2004 03:00;0;16.8
15.08.2004 04:00;0;16.3
15.08.2004 05:00;10.4;16.1
15.08.2004 06:00;65.7;16.1
15.08.2004 07:00;223.4;16.9
15.08.2004 08:00;439.3;18.8
15.08.2004 09:00;636.1;20.4
15.08.2004 10:00;790;21.1
15.08.2004 11:00;916.7;21.6
15.08.2004 12:00;866.3;22.3
15.08.2004 13:00;861.9;23.7
15.08.2004 14:00;852.7;24.4
15.08.2004 15:00;665.7;24.8
15.08.2004 16:00;522.7;25.2
15.08.2004 17:00;301.2;25.5
15.08.2004 18:00;98.6;25.8
15.08.2004 19:00;15.1;25.1
15.08.2004 20:00;0;23.9
15.08.2004 21:00;0;22.8
15.08.2004 22:00;0;21.7
15.08.2004 23:00;0;20.8
16.08.2004 00:00;0;20
16.08.2004 01:00;0;19.3
16.08.2004 02:00;0;18.8
16.08.2004 03:00;0;18.1
16.08.2004 04:00;0;17.5
16.08.2004 05:00;6.6;17.3
16.08.2004 06:00;34.5;17.3
16.08.2004 07:00;177.5;17.9
16.08.2004 08:00;382.2;20.9
16.08.2004 09:00;485.9;23.4
16.08.2004 10:00;313.6;25.3
16.08.2004 11:00;47.4;23.7
16.08.2004 12:00;126.3;22.5
16.08.2004 13:00;110.1;23.7
16.08.2004 14:00;130.1;23.2
16.08.2004 15:00;149.2;23.4
16.08.2004 16:00;79.6;23.1
16.08.2004 17:00;103.1;22.2
16.08.2004 18:00;25.4;22.8
16.08.2004 19:00;5.7;22.9
16.08.2004 20:00;0;22.1
16.08.2004 21:00;0;21.3
16.08.2004 22:00;0;21.4
16.08.2004 23:00;0;20.8
17.08.2004 00:00;0;20.5
17.08.2004 01:00;0;20.4
17.08.2004 02:00;0;20.2
17.08.2004 03:00;0;19.6
17.08.2004 04:00;0;20.2
17.08.2004 05:00;0;19.7
17.08.2004 06:00;0.9;18.9
17.08.2004 07:00;12.3;19.5
17.08.2004 08:00;31.2;19.5
17.08.2004 09:00;107.2;19.2
17.08.2004 10:00;377;19.6
17.08.2004 11:00;517.6;21
17.08.2004 12:00;728.7;22.5
17.08.2004 13:00;581.4;22.9
17.08.2004 14:00;270.1;23.7
17.08.2004 15:00;71.1;23.8
17.08.2004 16:00;96.7;22.6
17.08.2004 17:00;44.5;22.3
17.08.2004 18:00;42.2;21.4
17.08.2004 19:00;5.7;20.6
17.08.2004 20:00;0;20.4
17.08.2004 21:00;0;20.1
17.08.2004 22:00;0;19.6
17.08.2004 23:00;0;18.7
18.08.2004 00:00;0;18.5
18.08.2004 01:00;0;18.9
18.08.2004 02:00;0;18.8
18.08.2004 03:00;0;19.1
18.08.2004 04:00;0;18.3
18.08.2004 05:00;3.8;18.1
18.08.2004 06:00;61.5;18
18.08.2004 07:00;214.7;19.1
18.08.2004 08:00;401.5;20.5
18.08.2004 09:00;558.7;23.2
18.08.2004 10:00;718.1;24
18.08.2004 11:00;812.4;24.8
18.08.2004 12:00;925.3;26
18.08.2004 13:00;912;27.5
18.08.2004 14:00;838.8;29
18.08.2004 15:00;665.5;29.8
18.08.2004 16:00;492.5;30.2
18.08.2004 17:00;273.5;30.5
18.08.2004 18:00;91.2;30.3
18.08.2004 19:00;12.3;28.7
18.08.2004 20:00;0;27.5
18.08.2004 21:00;0;26.5
18.08.2004 22:00;0;25.8
18.08.2004 23:00;0;25
19.08.2004 00:00;0;24.4
19.08.2004 01:00;0;24.2
19.08.2004 02:00;0;23.9
19.08.2004 03:00;0;22.7
19.08.2004 04:00;0;21.5
19.08.2004 05:00;0;21.5
19.08.2004 06:00;11.3;21.2
19.08.2004 07:00;11.4;20.6
19.08.2004 08:00;49.3;20.2
19.08.2004 09:00;155;19.9
19.08.2004 10:00;495.4;20.2
19.08.2004 11:00;555.6;21.9
19.08.2004 12:00;530.8;22.2
19.08.2004 13:00;107.2;21.6
19.08.2004 14:00;387.3;20.4
19.08.2004 15:00;566;21
19.08.2004 16:00;96.8;21.2
19.08.2004 17:00;9.5;19.8
19.08.2004 18:00;1.9;19.4
19.08.2004 19:00;0;18.7
19.08.2004 20:00;0;19.2
19.08.2004 21:00;0;18.9
19.08.2004 22:00;0;18.7
19.08.2004 23:00;0;18.8
20.08.2004 00:00;0;18.2
20.08.2004 01:00;0;18.3
20.08.2004 02:00;0;18.2
20.08.2004 03:00;0;17.7
20.08.2004 04:00;0;18.1
20.08.2004 05:00;0.9;18
20.08.2004 06:00;24.3;17.9
20.08.2004 07:00;85.1;18
20.08.2004 08:00;276.2;19
20.08.2004 09:00;250.4;19.9
20.08.2004 10:00;376.4;20.8
20.08.2004 11:00;646.5;21.8
20.08.2004 12:00;891.2;22.7
20.08.2004 13:00;986.9;23.5
20.08.2004 14:00;829.5;24.1
20.08.2004 15:00;657;24.4
20.08.2004 16:00;481.9;24.2
20.08.2004 17:00;219.8;24
20.08.2004 18:00;49.5;22.4
20.08.2004 19:00;6.6;20.9
20.08.2004 20:00;0;20.2
20.08.2004 21:00;0;19.3
20.08.2004 22:00;0;19.2
20.08.2004 23:00;0;19
21.08.2004 00:00;0;19
21.08.2004 01:00;0;18.5
21.08.2004 02:00;0;18
21.08.2004 03:00;0;18.3
21.08.2004 04:00;0;18
21.08.2004 05:00;0;17.8
21.08.2004 06:00;14.1;17.6
21.08.2004 07:00;141.3;17.4
21.08.2004 08:00;466.7;19.3
21.08.2004 09:00;336.8;19.9
21.08.2004 10:00;335.8;20
21.08.2004 11:00;267.9;19.3
21.08.2004 12:00;853.8;19.9
21.08.2004 13:00;1019.7;20
21.08.2004 14:00;909;19.7
21.08.2004 15:00;724.7;20.2
21.08.2004 16:00;541.7;20.6
21.08.2004 17:00;294.2;20.9
21.08.2004 18:00;82.8;20.5
21.08.2004 19:00;4.7;19.2
21.08.2004 20:00;0;19
21.08.2004 21:00;0;18.7
21.08.2004 22:00;0;18.6
21.08.2004 23:00;0;17.6
22.08.2004 00:00;0;16.9
22.08.2004 01:00;0;16
22.08.2004 02:00;0;15
22.08.2004 03:00;0;14.1
22.08.2004 04:00;0;13.9
22.08.2004 05:00;6.6;13.4
22.08.2004 06:00;54.4;14.1
22.08.2004 07:00;186.5;14.7
22.08.2004 08:00;296.5;16.5
22.08.2004 09:00;469.3;17.6
22.08.2004 10:00;601.5;17.8
22.08.2004 11:00;630.4;18.2
22.08.2004 12:00;909.8;19.1
22.08.2004 13:00;929;20.1
22.08.2004 14:00;866.2;20.9
22.08.2004 15:00;712.7;21.7
22.08.2004 16:00;507.3;22.3
22.08.2004 17:00;278.1;22.4
22.08.2004 18:00;81.8;22.6
22.08.2004 19:00;13.2;21.6
22.08.2004 20:00;0;20.4
22.08.2004 21:00;0;19.5
22.08.2004 22:00;0;18.4
22.08.2004 23:00;0;17.5
23.08.2004 00:00;0;17.1
23.08.2004 01:00;0;16.1
23.08.2004 02:00;0;15.9
23.08.2004 03:00;0;15
23.08.2004 04:00;0;14.8
23.08.2004 05:00;2.8;14.2
23.08.2004 06:00;53.4;14.5
23.08.2004 07:00;224;15.5
23.08.2004 08:00;473.9;18.5
23.08.2004 09:00;596.4;21.2
23.08.2004 10:00;788.2;22.4
23.08.2004 11:00;848.1;23.5
23.08.2004 12:00;907.7;25.4
23.08.2004 13:00;858.9;26.8
23.08.2004 14:00;799.9;27.6
23.08.2004 15:00;344.9;27.7
23.08.2004 16:00;459.8;27.7
23.08.2004 17:00;224.3;27.2
23.08.2004 18:00;34.7;26.4
23.08.2004 19:00;4.7;25.5
23.08.2004 20:00;0;24.6
23.08.2004 21:00;0;24.1
23.08.2004 22:00;0;23.8
23.08.2004 23:00;0;23.4
24.08.2004 00:00;0;23
24.08.2004 01:00;0;22.1
24.08.2004 02:00;0;22
24.08.2004 03:00;0;21.9
24.08.2004 04:00;0;20.9
24.08.2004 05:00;0.9;20.9
24.08.2004 06:00;1.9;20.7
24.08.2004 07:00;3.8;19.8
24.08.2004 08:00;0.9;19.5
24.08.2004 09:00;2.8;19.4
24.08.2004 10:00;61.6;19
24.08.2004 11:00;61.6;19.4
24.08.2004 12:00;121.6;20
24.08.2004 13:00;255.2;20.3
24.08.2004 14:00;597.5;21.1
24.08.2004 15:00;410.3;21.5
24.08.2004 16:00;488.4;22.3
24.08.2004 17:00;269.3;23
24.08.2004 18:00;37.5;22.2
24.08.2004 19:00;2.8;20.5
24.08.2004 20:00;0;19.8
24.08.2004 21:00;0;19.6
24.08.2004 22:00;0;19.4
24.08.2004 23:00;0;19.3
25.08.2004 00:00;0;19
25.08.2004 01:00;0;18.9
25.08.2004 02:00;0;18.6
25.08.2004 03:00;0;18.1
25.08.2004 04:00;0;17.7
25.08.2004 05:00;2.8;17.4
25.08.2004 06:00;36.9;17.6
25.08.2004 07:00;173.6;18
25.08.2004 08:00;439.2;19.9
25.08.2004 09:00;665.9;22
25.08.2004 10:00;759.9;22.1
25.08.2004 11:00;944.6;22.2
25.08.2004 12:00;980.1;22.7
25.08.2004 13:00;969;23.3
25.08.2004 14:00;432.1;23.8
25.08.2004 15:00;237.5;23.8
25.08.2004 16:00;293.6;22.8
25.08.2004 17:00;106.2;22.9
25.08.2004 18:00;22.6;22.3
25.08.2004 19:00;0;19.9
25.08.2004 20:00;0;18.5
25.08.2004 21:00;0;18.9
25.08.2004 22:00;0;18.8
25.08.2004 23:00;0;18.2
26.08.2004 00:00;0;17.4
26.08.2004 01:00;0;16.6
26.08.2004 02:00;0;16.9
26.08.2004 03:00;0;17
26.08.2004 04:00;0;17.1
26.08.2004 05:00;0;16.9
26.08.2004 06:00;10.4;16.9
26.08.2004 07:00;50.2;16.9
26.08.2004 08:00;125.5;17.5
26.08.2004 09:00;132.2;17.6
26.08.2004 10:00;404.2;18.3
26.08.2004 11:00;339.6;19.4
26.08.2004 12:00;871.9;20.6
26.08.2004 13:00;355.9;20.7
26.08.2004 14:00;209.8;20.6
26.08.2004 15:00;139.8;19.2
26.08.2004 16:00;90.2;19.3
26.08.2004 17:00;83.4;18.7
26.08.2004 18:00;21.6;18.7
26.08.2004 19:00;6.6;18.3
26.08.2004 20:00;0;17.6
26.08.2004 21:00;0;16.8
26.08.2004 22:00;0;16.6
26.08.2004 23:00;0;16.6
27.08.2004 00:00;0;16.8
27.08.2004 01:00;0;15.4
27.08.2004 02:00;0;15.1
27.08.2004 03:00;0;15.2
27.08.2004 04:00;0;15.4
27.08.2004 05:00;0;14.9
27.08.2004 06:00;16.9;14.1
27.08.2004 07:00;60.6;14.6
27.08.2004 08:00;193.9;15.3
27.08.2004 09:00;591;18.4
27.08.2004 10:00;801.8;19.9
27.08.2004 11:00;920.8;19.6
27.08.2004 12:00;970.2;20.1
27.08.2004 13:00;948.4;20.8
27.08.2004 14:00;834.9;22.2
27.08.2004 15:00;675.9;23.4
27.08.2004 16:00;475.9;24.5
27.08.2004 17:00;254.7;24.7
27.08.2004 18:00;68.1;24.5
27.08.2004 19:00;5.7;23
27.08.2004 20:00;0;21.6
27.08.2004 21:00;0;20.5
27.08.2004 22:00;0;19.5
27.08.2004 23:00;0;18.3
28.08.2004 00:00;0;17.8
28.08.2004 01:00;0;17.2
28.08.2004 02:00;0;16.8
28.08.2004 03:00;0;16.2
28.08.2004 04:00;0;15.7
28.08.2004 05:00;0;15.5
28.08.2004 06:00;45.9;15
28.08.2004 07:00;201.2;15.9
28.08.2004 08:00;411.6;17.8
28.08.2004 09:00;623.2;20.3
28.08.2004 10:00;795.7;22
28.08.2004 11:00;905;22.6
28.08.2004 12:00;944.6;23.3
28.08.2004 13:00;931.6;24.3
28.08.2004 14:00;813.4;25.3
28.08.2004 15:00;701.6;25.5
28.08.2004 16:00;488.4;25.7
28.08.2004 17:00;233.7;24.8
28.08.2004 18:00;65.2;23.9
28.08.2004 19:00;6.6;23
28.08.2004 20:00;0;22.2
28.08.2004 21:00;0;21.6
28.08.2004 22:00;0;20.5
28.08.2004 23:00;0;19.4
29.08.2004 00:00;0;19.5
29.08.2004 01:00;0;19.4
29.08.2004 02:00;0;18.8
29.08.2004 03:00;0;18.2
29.08.2004 04:00;0;17.8
29.08.2004 05:00;0;17.7
29.08.2004 06:00;45.1;17.4
29.08.2004 07:00;117;18.5
29.08.2004 08:00;384.7;20
29.08.2004 09:00;281.4;22.3
29.08.2004 10:00;654.8;23.1
29.08.2004 11:00;646.5;24.8
29.08.2004 12:00;787.2;25.3
29.08.2004 13:00;260.6;24.7
29.08.2004 14:00;266.8;23.7
29.08.2004 15:00;392.8;24.2
29.08.2004 16:00;424.3;24.9
29.08.2004 17:00;207.9;25.2
29.08.2004 18:00;53.7;24.6
29.08.2004 19:00;13.2;23.5
29.08.2004 20:00;0;22.1
29.08.2004 21:00;0;21.3
29.08.2004 22:00;0;20.2
29.08.2004 23:00;0;19.4
30.08.2004 00:00;0;18.8
30.08.2004 01:00;0;18.2
30.08.2004 02:00;0;17.7
30.08.2004 03:00;0;18
30.08.2004 04:00;0;17.7
30.08.2004 05:00;0;17.7
30.08.2004 06:00;29.7;19.1
30.08.2004 07:00;126.9;20.1
30.08.2004 08:00;183.2;20.9
30.08.2004 09:00;332.2;21.4
30.08.2004 10:00;934.4;22.8
30.08.2004 11:00;910.3;23.9
30.08.2004 12:00;886.2;24.5
30.08.2004 13:00;151.3;24.4
30.08.2004 14:00;90.2;22.1
30.08.2004 15:00;165.8;21.9
30.08.2004 16:00;405.1;22.9
30.08.2004 17:00;161.7;22.9
30.08.2004 18:00;43.2;22.4
30.08.2004 19:00;6.6;21.4
30.08.2004 20:00;0;20.6
30.08.2004 21:00;0;20.3
30.08.2004 22:00;0;20
30.08.2004 23:00;0;20
31.08.2004 00:00;0;18.7
31.08.2004 01:00;0;18.9
31.08.2004 02:00;0;18.4
31.08.2004 03:00;0;17.8
31.08.2004 04:00;0;17.2
31.08.2004 05:00;0;16.7
31.08.2004 06:00;26.1;16.3
31.08.2004 07:00;129.2;16.9
31.08.2004 08:00;334.9;18.3
31.08.2004 09:00;269.9;19.2
31.08.2004 10:00;731.7;19.7
31.08.2004 11:00;780.4;20.4
31.08.2004 12:00;807.5;20.4
31.08.2004 13:00;970.6;20.8
31.08.2004 14:00;884.2;21
31.08.2004 15:00;704;21.5
31.08.2004 16:00;250.7;21.5
31.08.2004 17:00;233.5;21.2
31.08.2004 18:00;56.6;21.1
31.08.2004 19:00;3.8;20.2
31.08.2004 20:00;0;19.1
31.08.2004 21:00;0;18.8
31.08.2004 22:00;0;17.6
31.08.2004 23:00;0;16.6
