date_time,module_id,temp_module,poa_global,i_sc,v_oc,i_mp,v_mp,p_mp,wind_speed
0,19074001,15,100,0.595,65.78,0.543,55.56,30.16,0
1,19074001,15,200,1.183,67.79,1.093,57.7,63.06,0
2,19074001,15,400,2.354,69.65,2.185,59.42,129.85,0
3,19074001,15,600,3.532,70.65,3.292,60.06,197.74,0
4,19074001,15,800,4.706,71.35,4.398,60.21,264.83,0
5,19074001,15,1000,5.891,71.85,5.503,60.12,330.86,0
6,19074001,25,100,0.599,63.95,0.547,53.47,29.25,0
7,19074001,25,200,1.183,66.01,1.09,56.07,61.14,0
8,19074001,25,400,2.365,67.92,2.19,57.75,126.45,0
9,19074001,25,600,3.542,68.96,3.298,58.31,192.28,0
10,19074001,25,800,4.718,69.68,4.4,58.54,257.56,0
11,19074001,25,1000,5.903,70.21,5.506,58.54,322.3,0
12,19074001,25,1100,6.488,70.44,6.055,58.49,354.17,0
13,19074001,50,100,0.602,59.36,0.541,49.64,26.85,0
14,19074001,50,200,1.199,61.52,1.096,51.75,56.7,0
15,19074001,50,400,2.379,63.56,2.214,52.88,117.06,0
16,19074001,50,600,3.567,64.66,3.302,53.89,177.96,0
17,19074001,50,800,4.754,65.43,4.399,54.25,238.63,0
18,19074001,50,1000,5.944,65.99,5.511,54.25,298.95,0
19,19074001,50,1100,6.528,66.24,6.061,54.18,328.41,0
20,19074001,75,100,0.606,54.6,0.543,44.32,24.07,0
21,19074001,75,200,1.207,56.92,1.086,47.06,51.1,0
22,19074001,75,400,2.399,59.07,2.188,48.7,106.55,0
23,19074001,75,600,3.593,60.25,3.298,49.42,162.97,0
24,19074001,75,800,4.784,61.05,4.386,49.84,218.58,0
25,19074001,75,1000,5.976,61.67,5.493,49.82,273.65,0
26,19074001,75,1100,6.578,61.92,6.031,49.91,301.01,0
